"Country_Region","Confirmed","Deaths"
"Afghanistan",52513,2201
"Albania",58316,1181
"Algeria",99897,2762
"Andorra",8117,84
"Angola",17568,405
"Antigua and Barbuda",159,5
"Argentina",1629594,43319
"Armenia",159738,2828
"Australia",118,3
"Australia",4947,54
"Australia",75,0
"Australia",1255,6
"Australia",580,4
"Australia",234,13
"Australia",20388,820
"Australia",863,9
"Austria",362911,6261
"Azerbaijan",219041,2670
"Bahamas",7887,171
"Bahrain",92913,352
"Bangladesh",514500,7576
"Barbados",395,7
"Belarus",196223,1433
"Belgium",79680,0
"Belgium",81557,0
"Belgium",65260,0
"Belgium",49270,0
"Belgium",102209,0
"Belgium",97027,0
"Belgium",29349,0
"Belgium",18416,0
"Belgium",35462,0
"Belgium",10701,19581
"Belgium",25144,0
"Belgium",54214,0
"Belize",10776,248
"Benin",3251,44
"Bhutan",689,0
"Bolivia",160985,9175
"Bosnia and Herzegovina",112143,4086
"Botswana",14805,42
"Brazil",41689,796
"Brazil",105091,2496
"Brazil",68361,926
"Brazil",201574,5295
"Brazil",494684,9159
"Brazil",336504,10004
"Brazil",252077,4263
"Brazil",249271,5093
"Brazil",309191,6805
"Brazil",200959,4506
"Brazil",180659,4530
"Brazil",135361,2360
"Brazil",546884,12001
"Brazil",293807,7209
"Brazil",167062,3680
"Brazil",418323,7993
"Brazil",222993,9666
"Brazil",143210,2848
"Brazil",119338,3009
"Brazil",451912,8917
"Brazil",435390,25600
"Brazil",95999,1822
"Brazil",68858,787
"Brazil",494447,5270
"Brazil",1466191,46775
"Brazil",113544,2492
"Brazil",90592,1239
"Brunei",157,3
"Bulgaria",202540,7604
"Burkina Faso",6828,85
"Burma",125042,2697
"Burundi",822,2
"Cabo Verde",11872,113
"Cambodia",379,0
"Cameroon",26848,448
"Canada",100428,1046
"Canada",51990,901
"Canada",0,1
"Canada",13,0
"Canada",24700,667
"Canada",601,9
"Canada",390,4
"Canada",24,0
"Canada",1497,65
"Canada",266,1
"Canada",187344,4568
"Canada",94,0
"Canada",208390,8388
"Canada",13,0
"Canada",15350,155
"Canada",60,1
"Central African Republic",4963,63
"Chad",2141,104
"Chile",23887,585
"Chile",23161,311
"Chile",10859,225
"Chile",8520,113
"Chile",1588,15
"Chile",47898,802
"Chile",14308,299
"Chile",26170,263
"Chile",9004,93
"Chile",17010,233
"Chile",25783,556
"Chile",319937,10813
"Chile",10821,218
"Chile",21682,588
"Chile",15896,287
"Chile",58,1
"Chile",35982,1258
"China",993,6
"China",988,9
"China",590,6
"China",513,1
"China",182,2
"China",2046,8
"China",264,2
"China",147,2
"China",171,6
"China",373,6
"China",964,13
"China",1299,22
"China",8888,148
"China",68149,4512
"China",1021,4
"China",364,1
"China",684,0
"China",935,1
"China",157,2
"China",359,2
"China",46,0
"China",75,0
"China",18,0
"China",508,3
"China",863,7
"China",1520,7
"China",224,0
"China",853,3
"China",312,3
"China",1,0
"China",980,3
"China",230,2
"China",1306,1
"Colombia",3249,125
"Colombia",263708,4817
"Colombia",4600,134
"Colombia",94549,3443
"Colombia",52000,1107
"Colombia",28803,620
"Colombia",32668,644
"Colombia",475253,9868
"Colombia",15042,533
"Colombia",8825,182
"Colombia",18844,505
"Colombia",33637,996
"Colombia",4888,169
"Colombia",29590,1679
"Colombia",67608,1726
"Colombia",1235,20
"Colombia",1964,37
"Colombia",35109,1130
"Colombia",14217,545
"Colombia",24836,1075
"Colombia",34072,745
"Colombia",31603,987
"Colombia",40621,2022
"Colombia",5929,245
"Colombia",23916,659
"Colombia",34605,760
"Colombia",2471,39
"Colombia",67850,2405
"Colombia",17477,679
"Colombia",44552,1276
"Colombia",0,0
"Colombia",138870,4297
"Colombia",1139,12
"Colombia",1150,14
"Comoros",823,10
"Congo (Brazzaville)",7107,108
"Congo (Kinshasa)",17849,591
"Costa Rica",169321,2185
"Cote d'Ivoire",22563,138
"Croatia",212007,3961
"Cuba",12056,146
"Cyprus",23108,126
"Czechia",732022,11711
"Denmark",610,0
"Denmark",27,0
"Denmark",165930,1322
"Diamond Princess",712,13
"Djibouti",5840,61
"Dominica",88,0
"Dominican Republic",172218,2416
"Ecuador",213378,14051
"Egypt",139471,7687
"El Salvador",46515,1327
"Equatorial Guinea",5277,86
"Eritrea",1320,3
"Estonia",28406,234
"Eswatini",9482,216
"Ethiopia",124652,1937
"Fiji",49,2
"Finland",36403,561
"France",13166,71
"France",16926,114
"France",8620,155
"France",6091,43
"France",5890,55
"France",38,0
"France",9037,42
"France",190,0
"France",16,0
"France",995,12
"France",2636045,64399
"Gabon",9571,64
"Gambia",3800,124
"Georgia",228410,2528
"Germany",242744,4894
"Germany",330856,6813
"Germany",97652,1277
"Germany",46633,1125
"Germany",13708,201
"Germany",37297,658
"Germany",139368,2918
"Germany",12365,173
"Germany",109810,2017
"Germany",398678,6701
"Germany",73551,1459
"Germany",20476,469
"Germany",137094,3302
"Germany",31048,680
"Germany",25247,436
"Germany",43875,1027
"Germany",2102,0
"Ghana",54930,335
"Greece",139447,4881
"Grenada",127,0
"Guatemala",138236,4820
"Guinea",13738,81
"Guinea-Bissau",2452,45
"Guyana",6348,164
"Haiti",10015,236
"Holy See",27,0
"Honduras",122974,3160
"Hungary",325278,9667
"Iceland",5754,29
"India",4946,62
"India",882612,7108
"India",16719,56
"India",216251,1049
"India",252219,1400
"India",19799,318
"India",280507,3375
"India",3378,2
"India",625954,10557
"India",51135,739
"India",245772,4309
"India",262611,2911
"India",55470,936
"India",121227,1884
"India",115241,1030
"India",920373,12096
"India",765924,3095
"India",9525,127
"India",0,0
"India",242571,3618
"India",1935636,49580
"India",28206,356
"India",13445,139
"India",4219,8
"India",11929,79
"India",329866,1876
"India",38164,633
"India",166770,5349
"India",308852,2700
"India",5900,128
"India",818935,12135
"India",287108,1546
"India",33276,385
"India",0,0
"India",586751,8379
"India",91281,1515
"India",553216,9738
"Indonesia",751270,22329
"Iran",1231429,55337
"Iraq",596193,12824
"Ireland",93532,2248
"Israel",428510,3356
"Italy",35723,1218
"Italy",10982,256
"Italy",24265,479
"Italy",191407,2864
"Italy",174141,7808
"Italy",50742,1669
"Italy",164964,3792
"Italy",60881,2898
"Italy",481959,25203
"Italy",42317,1581
"Italy",6634,192
"Italy",29764,742
"Italy",22033,952
"Italy",198886,7960
"Italy",92359,2481
"Italy",31478,751
"Italy",94766,2440
"Italy",120917,3700
"Italy",29188,625
"Italy",7290,381
"Italy",258680,6629
"Jamaica",12915,303
"Japan",16767,216
"Japan",143,1
"Japan",492,8
"Japan",11208,121
"Japan",471,13
"Japan",355,12
"Japan",9121,119
"Japan",956,21
"Japan",2348,35
"Japan",2339,45
"Japan",3392,36
"Japan",13536,456
"Japan",10128,220
"Japan",2488,38
"Japan",1084,51
"Japan",389,24
"Japan",306,3
"Japan",1031,14
"Japan",21730,280
"Japan",669,8
"Japan",1905,18
"Japan",4906,53
"Japan",1297,18
"Japan",2221,16
"Japan",783,9
"Japan",1206,15
"Japan",675,4
"Japan",2000,24
"Japan",545,3
"Japan",700,6
"Japan",1390,15
"Japan",5411,81
"Japan",30297,588
"Japan",1900,1
"Japan",469,3
"Japan",14511,211
"Japan",1199,12
"Japan",209,0
"Japan",2717,41
"Japan",1534,6
"Japan",199,9
"Japan",61105,631
"Japan",119,0
"Japan",562,26
"Japan",8,0
"Japan",629,7
"Japan",390,9
"Japan",589,3
"Japan",576,11
"Jordan",295765,3851
"Kazakhstan",202060,2749
"Kenya",96614,1681
"Korea, South",62593,942
"Kosovo",51502,1336
"Kuwait",150869,936
"Kyrgyzstan",81156,1356
"Laos",41,0
"Latvia",41615,644
"Lebanon",183888,1479
"Lesotho",3206,51
"Liberia",1800,83
"Libya",100744,1487
"Liechtenstein",2245,44
"Lithuania",145430,1837
"Luxembourg",46415,495
"MS Zaandam",9,2
"Madagascar",17714,261
"Malawi",6684,191
"Maldives",13804,48
"Mali",7203,271
"Malta",12909,219
"Marshall Islands",4,0
"Mauritania",14581,349
"Mauritius",527,10
"Mexico",17021,1371
"Mexico",34889,5559
"Mexico",17820,784
"Mexico",7273,972
"Mexico",8293,1206
"Mexico",36517,4440
"Mexico",334137,16873
"Mexico",49685,4198
"Mexico",7949,799
"Mexico",25248,1555
"Mexico",83520,5365
"Mexico",26024,2716
"Mexico",24599,3429
"Mexico",52399,6079
"Mexico",147443,19017
"Mexico",33235,2764
"Mexico",9930,1456
"Mexico",7922,1053
"Mexico",83209,5202
"Mexico",28404,2130
"Mexico",47636,5755
"Mexico",32582,1890
"Mexico",15968,2031
"Mexico",39968,3074
"Mexico",26847,4238
"Mexico",52146,4196
"Mexico",44592,3207
"Mexico",39416,3281
"Mexico",11351,1420
"Mexico",0,0
"Mexico",43211,6353
"Mexico",26748,2323
"Mexico",21203,1771
"Moldova",145258,3004
"Monaco",885,3
"Mongolia",1242,1
"Montenegro",48589,684
"Morocco",440970,7425
"Mozambique",18794,167
"Namibia",24545,208
"Nepal",261019,1864
"Netherlands",5509,49
"Netherlands",196,3
"Netherlands",4289,16
"Netherlands",13717,140
"Netherlands",19702,157
"Netherlands",15035,177
"Netherlands",89545,1320
"Netherlands",15255,97
"Netherlands",47994,1026
"Netherlands",125767,2393
"Netherlands",137776,1652
"Netherlands",54919,694
"Netherlands",1458,27
"Netherlands",3700,34
"Netherlands",67465,870
"Netherlands",10629,129
"Netherlands",203660,2840
"New Zealand",2162,25
"Nicaragua",6046,165
"Niger",3403,106
"Nigeria",88587,1294
"North Macedonia",83743,2510
"Norway",49803,436
"Oman",128867,1499
"Pakistan",8303,224
"Pakistan",18181,184
"Pakistan",4862,101
"Pakistan",38020,421
"Pakistan",59023,1661
"Pakistan",139341,4085
"Pakistan",216632,3582
"Panama",249733,4064
"Papua New Guinea",780,9
"Paraguay",108349,2262
"Peru",18509,574
"Peru",30909,2886
"Peru",7520,361
"Peru",48339,4261
"Peru",15304,835
"Peru",25250,1606
"Peru",43393,5199
"Peru",25418,1596
"Peru",7903,392
"Peru",20492,1077
"Peru",32100,3693
"Peru",28307,2419
"Peru",37341,4817
"Peru",33391,4602
"Peru",449514,42170
"Peru",26403,2749
"Peru",9603,155
"Peru",16104,881
"Peru",6588,339
"Peru",42790,6328
"Peru",19379,1533
"Peru",25818,1608
"Peru",14736,798
"Peru",9477,769
"Peru",20549,1583
"Peru",0,0
"Philippines",475820,9248
"Poland",1305774,28956
"Portugal",420629,6972
"Qatar",144042,245
"Romania",636201,15841
"Russia",11103,92
"Russia",33124,888
"Russia",13901,103
"Russia",16004,105
"Russia",43679,443
"Russia",19187,389
"Russia",19234,145
"Russia",22007,262
"Russia",23343,216
"Russia",25909,595
"Russia",8783,93
"Russia",35008,542
"Russia",539,4
"Russia",16488,538
"Russia",23622,1124
"Russia",12227,141
"Russia",40785,1233
"Russia",21444,521
"Russia",3765,72
"Russia",15926,263
"Russia",18013,178
"Russia",14879,200
"Russia",21222,172
"Russia",10176,82
"Russia",15215,41
"Russia",27910,163
"Russia",25887,470
"Russia",35419,204
"Russia",17680,264
"Russia",41514,544
"Russia",25864,230
"Russia",30606,578
"Russia",15102,235
"Russia",27922,946
"Russia",46833,1725
"Russia",12102,170
"Russia",20980,305
"Russia",24056,265
"Russia",16192,258
"Russia",7048,65
"Russia",9234,121
"Russia",13578,95
"Russia",815676,11280
"Russia",156898,2914
"Russia",36363,655
"Russia",796,0
"Russia",70321,1663
"Russia",12098,101
"Russia",18520,99
"Russia",28037,974
"Russia",30368,878
"Russia",21544,270
"Russia",28922,345
"Russia",26244,321
"Russia",30956,1143
"Russia",29522,379
"Russia",23598,100
"Russia",52043,2077
"Russia",18296,162
"Russia",245870,7769
"Russia",26547,394
"Russia",15886,17
"Russia",31704,618
"Russia",35596,421
"Russia",17215,337
"Russia",35325,740
"Russia",58980,1527
"Russia",17810,188
"Russia",13375,186
"Russia",24600,218
"Russia",23056,760
"Russia",22503,456
"Russia",23523,204
"Russia",14791,157
"Russia",19854,388
"Russia",36589,474
"Russia",18739,510
"Russia",35699,464
"Russia",23761,438
"Russia",46589,1175
"Russia",32273,336
"Russia",22483,194
"Russia",27480,386
"Rwanda",8460,94
"Saint Kitts and Nevis",32,0
"Saint Lucia",353,5
"Saint Vincent and the Grenadines",121,0
"Samoa",2,0
"San Marino",2384,59
"Sao Tome and Principe",1022,17
"Saudi Arabia",362878,6230
"Senegal",19364,410
"Serbia",339997,3250
"Seychelles",267,0
"Sierra Leone",2635,76
"Singapore",58629,29
"Slovakia",285079,2250
"Slovenia",123950,2728
"Solomon Islands",17,0
"Somalia",4714,130
"South Africa",1073887,28887
"South Sudan",3558,63
"Spain",264371,5123
"Spain",80023,2634
"Spain",27171,1343
"Spain",35569,469
"Spain",148797,2941
"Spain",26859,415
"Spain",17948,393
"Spain",100673,4086
"Spain",132611,5081
"Spain",356724,8723
"Spain",3072,59
"Spain",37208,1067
"Spain",61143,1379
"Spain",18426,586
"Spain",399499,11828
"Spain",4540,43
"Spain",60316,744
"Spain",42494,960
"Spain",110821,2963
"Spain",0,0
"Sri Lanka",43856,208
"Sudan",25730,1468
"Suriname",6277,123
"Sweden",4698,44
"Sweden",10603,225
"Sweden",14484,319
"Sweden",2202,28
"Sweden",12380,140
"Sweden",4446,85
"Sweden",17129,331
"Sweden",6455,102
"Sweden",8607,197
"Sweden",7646,133
"Sweden",13265,218
"Sweden",13869,360
"Sweden",66753,667
"Sweden",9036,308
"Sweden",118357,3271
"Sweden",17704,352
"Sweden",5972,122
"Sweden",8278,83
"Sweden",10138,225
"Sweden",13566,260
"Sweden",71791,1257
"Switzerland",452296,7948
"Syria",11526,717
"Taiwan*",802,7
"Tajikistan",13665,90
"Tanzania",509,21
"Thailand",7163,64
"Timor-Leste",44,0
"Togo",3662,68
"Trinidad and Tobago",7158,127
"Tunisia",140557,4730
"Turkey",2220855,21093
"US",4239,50
"US",13823,169
"US",1517,33
"US",1854,46
"US",4693,63
"US",888,22
"US",1522,45
"US",9584,157
"US",2366,63
"US",1429,22
"US",3004,54
"US",491,22
"US",2418,26
"US",1150,34
"US",1036,16
"US",3643,38
"US",4701,60
"US",839,17
"US",519,7
"US",2931,40
"US",960,36
"US",7194,78
"US",3371,63
"US",2821,43
"US",6978,62
"US",6542,83
"US",2682,34
"US",10110,96
"US",1441,19
"US",3300,37
"US",1691,20
"US",679,20
"US",1468,33
"US",1268,8
"US",7371,64
"US",5183,34
"US",53058,719
"US",1065,15
"US",6566,70
"US",2082,43
"US",10450,75
"US",6879,58
"US",951,32
"US",1009,30
"US",22590,179
"US",1812,26
"US",2112,43
"US",9271,86
"US",26151,508
"US",1226,11
"US",16240,276
"US",10817,89
"US",0,0
"US",879,10
"US",1756,26
"US",2029,23
"US",1262,30
"US",2824,6
"US",15877,103
"US",6577,73
"US",857,24
"US",5211,76
"US",2383,98
"US",18745,218
"US",0,0
"US",5296,138
"US",1199,24
"US",890,19
"US",1977,30
"US",39,0
"US",198,0
"US",22922,120
"US",2428,9
"US",0,0
"US",158,0
"US",60,0
"US",122,1
"US",4929,19
"US",22,0
"US",1050,5
"US",3627,17
"US",240,0
"US",914,2
"US",767,2
"US",6381,16
"US",275,0
"US",806,2
"US",401,0
"US",31,1
"US",72,1
"US",270,0
"US",17,0
"US",408,3
"US",218,0
"US",0,0
"US",25,0
"US",52,1
"US",209,4
"US",7594,244
"US",7585,136
"US",11344,214
"US",4552,136
"US",3287,51
"US",403,4
"US",1523,35
"US",325404,5196
"US",12892,349
"US",11559,347
"US",0,0
"US",70563,1082
"US",28137,372
"US",6082,101
"US",0,0
"US",11530,221
"US",27812,527
"US",1324,31
"US",1291,21
"US",2114,71
"US",18355,266
"US",2593,68
"US",957,15
"US",239,1
"US",2110,30
"US",1418,30
"US",1388,21
"US",1332,31
"US",1286,38
"US",577,19
"US",1591,43
"US",1343,16
"US",10176,136
"US",4542,59
"US",4360,74
"US",1424,36
"US",490,11
"US",967,11
"US",1463,19
"US",7817,94
"US",1111,25
"US",895,36
"US",5898,154
"US",1101,12
"US",4463,52
"US",1240,11
"US",3661,56
"US",1113,18
"US",2809,94
"US",1334,13
"US",2831,22
"US",6797,129
"US",1885,20
"US",345,4
"US",1587,35
"US",1449,26
"US",2828,24
"US",827,39
"US",1453,11
"US",4235,81
"US",1048,12
"US",655,24
"US",2783,25
"US",4411,95
"US",486,7
"US",508,18
"US",598,20
"US",557,24
"US",1393,29
"US",446,5
"US",1272,25
"US",701,10
"US",2418,62
"US",1275,42
"US",5584,58
"US",554,16
"US",25209,392
"US",1473,42
"US",7751,105
"US",611,11
"US",510,11
"US",9788,158
"US",2096,20
"US",1158,32
"US",2758,20
"US",770,27
"US",2828,0
"US",2523,73
"US",771,8
"US",21805,223
"US",4893,69
"US",367,2
"US",2423,43
"US",54660,579
"US",67,0
"US",2534,24
"US",8607,105
"US",1189,21
"US",1417,7
"US",42091,351
"US",760,2
"US",6193,27
"US",72763,717
"US",1826,9
"US",1789,21
"US",24368,418
"US",607,20
"US",69484,512
"US",16971,108
"US",1888,24
"US",4691,10
"US",790582,10552
"US",11255,66
"US",9916,148
"US",255,4
"US",2429,24
"US",19511,229
"US",318,0
"US",894,3
"US",29256,191
"US",5923,28
"US",2759,15
"US",183865,1875
"US",14649,133
"US",422,1
"US",198266,1990
"US",67649,848
"US",3808,28
"US",209771,1590
"US",168145,1592
"US",24399,187
"US",48484,657
"US",11443,94
"US",25174,194
"US",18343,164
"US",72219,680
"US",9559,84
"US",8892,72
"US",34,0
"US",1077,3
"US",19589,97
"US",19629,189
"US",38555,553
"US",6603,52
"US",3414,9
"US",290,2
"US",38291,454
"US",2923,13
"US",0,0
"US",43837,253
"US",8537,120
"US",3886,19
"US",40304,521
"US",948,24
"US",38334,562
"US",487,0
"US",194,1
"US",1126,12
"US",14729,174
"US",2837,67
"US",1072,21
"US",89,5
"US",282,2
"US",318,3
"US",163,2
"US",1660,12
"US",148,0
"US",1610,25
"US",48023,669
"US",52,0
"US",15783,195
"US",3392,16
"US",41556,567
"US",996,10
"US",4681,20
"US",3916,29
"US",125,1
"US",671,4
"US",714,6
"US",14,0
"US",276,18
"US",33,0
"US",29776,617
"US",75,2
"US",438,9
"US",2245,28
"US",433,0
"US",15232,147
"US",512,6
"US",783,3
"US",3249,55
"US",9239,139
"US",44,1
"US",543,20
"US",1242,16
"US",2134,31
"US",2136,82
"US",1648,39
"US",155,3
"US",0,0
"US",384,5
"US",286,8
"US",1045,4
"US",1007,20
"US",13328,313
"US",269,3
"US",393,7
"US",1058,18
"US",256,4
"US",27,0
"US",394,0
"US",134,2
"US",2143,5
"US",994,9
"US",27,0
"US",347,11
"US",20100,287
"US",552,13
"US",56288,1720
"US",46680,1852
"US",7476,225
"US",6566,237
"US",47375,1529
"US",10618,245
"US",4900,109
"US",665,0
"US",5140,78
"US",9329,200
"US",33433,541
"US",15166,324
"US",136,0
"US",49,0
"US",29252,788
"US",15866,129
"US",2470,36
"US",11907,209
"US",2180,23
"US",21034,523
"US",137610,1847
"US",1233,28
"US",7410,231
"US",6663,266
"US",11261,186
"US",22506,332
"US",6007,117
"US",2898,56
"US",1115,11
"US",61321,725
"US",22349,373
"US",3724,48
"US",900,4
"US",3988,59
"US",1014,23
"US",769,11
"US",1333,27
"US",1277,15
"US",2110,20
"US",3291,49
"US",7336,278
"US",4975,204
"US",77118,1071
"US",1683,25
"US",6875,159
"US",4649,118
"US",994,16
"US",1422,22
"US",15559,295
"US",40635,672
"US",19574,175
"US",1851,19
"US",750,14
"US",1540,33
"US",22332,433
"US",17799,463
"US",7839,210
"US",298873,4188
"US",4226,35
"US",4775,66
"US",12857,231
"US",2430,51
"US",76458,749
"US",25344,288
"US",82890,1895
"US",21932,376
"US",44975,1049
"US",37403,790
"US",3990,72
"US",11180,128
"US",18607,509
"US",18083,314
"US",13072,113
"US",14278,405
"US",5085,120
"US",4015,97
"US",1967,25
"US",3010,0
"US",1439,65
"US",22291,449
"US",2106,25
"US",4891,48
"US",1971,30
"US",1688,44
"US",778,9
"US",1020,25
"US",166,6
"US",3244,75
"US",1245,20
"US",5433,67
"US",8062,130
"US",1492,44
"US",1145,31
"US",10250,261
"US",1016,35
"US",1054,20
"US",1000,31
"US",1963,21
"US",4454,57
"US",1588,20
"US",1732,48
"US",371,11
"US",2515,22
"US",690,37
"US",7675,126
"US",3470,39
"US",1028,19
"US",13710,239
"US",2208,3
"US",1829,47
"US",16869,132
"US",10184,66
"US",179,3
"US",14623,234
"US",652,14
"US",45028,577
"US",4126,93
"US",3179,53
"US",10236,100
"US",1289,25
"US",8453,84
"US",429,8
"US",1395,39
"US",811,8
"US",1829,16
"US",38737,532
"US",2029,51
"US",1457,63
"US",680,25
"US",4829,213
"US",8425,109
"US",811,41
"US",376,3
"US",2701,35
"US",1651,33
"US",1880,53
"US",667,13
"US",1376,43
"US",4920,77
"US",7828,128
"US",11006,81
"US",1832,26
"US",57724,790
"US",1846,38
"US",179,4
"US",5297,135
"US",4943,66
"US",1333,32
"US",1144,28
"US",58565,604
"US",3729,93
"US",18627,235
"US",680,48
"US",1884,38
"US",1482,29
"US",1556,33
"US",589,11
"US",13699,159
"US",8216,130
"US",666,17
"US",5735,73
"US",845,9
"US",1254,35
"US",1319,40
"US",567,34
"US",744,34
"US",1185,24
"US",1197,32
"US",532,10
"US",3814,122
"US",1567,33
"US",1948,31
"US",439,11
"US",514,5
"US",8766,136
"US",1977,23
"US",469,16
"US",1878,24
"US",314,10
"US",1369,26
"US",513,10
"US",1119,20
"US",551,3
"US",1380,52
"US",1622,64
"US",626,10
"US",1170,10
"US",3058,42
"US",9888,209
"US",6009,127
"US",2369,42
"US",900,14
"US",24826,348
"US",8712,111
"US",1554,33
"US",1878,20
"US",1672,33
"US",1351,21
"US",3483,46
"US",600,30
"US",1374,31
"US",100,1
"US",1151,17
"US",426,31
"US",15042,253
"US",4065,81
"US",235,2
"US",595,15
"US",683,12
"US",3762,98
"US",2266,50
"US",685,17
"US",1737,74
"US",295,9
"US",55,0
"US",1520,36
"US",541,14
"US",819,39
"US",576,35
"US",2844,85
"US",3654,81
"US",2371,70
"US",813,37
"US",510,15
"US",5051,128
"US",669,25
"US",424,19
"US",3676,6
"US",1465,42
"US",2258,82
"US",4154,59
"US",5729,92
"US",3293,83
"US",286,9
"US",1402,46
"US",2146,49
"US",89,2
"US",490,19
"US",2173,37
"US",11947,126
"US",591,35
"US",639,10
"US",640,18
"US",1162,40
"US",103,3
"US",7326,122
"US",1922,45
"US",18235,224
"US",147,1
"US",1432,17
"US",661,2
"US",0,0
"US",38262,355
"US",260,3
"US",6440,63
"US",274,2
"US",433,4
"US",3649,46
"US",1562,13
"US",240,2
"US",1960,13
"US",10383,117
"US",568,7
"US",162,0
"US",56,0
"US",20597,219
"US",534,10
"US",2537,20
"US",53,0
"US",828,6
"US",203,2
"US",1347,9
"US",916,8
"US",871,14
"US",1416,21
"US",1147,18
"US",1024,15
"US",2067,15
"US",2217,16
"US",12612,116
"US",2154,6
"US",462,9
"US",342,5
"US",434,9
"US",5248,18
"US",2062,23
"US",3027,44
"US",250,2
"US",886,20
"US",2062,24
"US",546,4
"US",840,26
"US",723,2
"US",7946,113
"US",1,0
"US",482,3
"US",994,14
"US",6477,73
"US",341,7
"US",1554,15
"US",5070,61
"US",451,5
"US",2813,66
"US",381,1
"US",1333,31
"US",1586,19
"US",13832,84
"US",2600,49
"US",1212,24
"US",1198,32
"US",4485,75
"US",4294,70
"US",393652,7860
"US",1578,20
"US",937,14
"US",915,18
"US",6643,78
"US",1854,22
"US",61805,958
"US",1344,27
"US",397,5
"US",3860,52
"US",2664,46
"US",1227,37
"US",3362,48
"US",2342,28
"US",330,3
"US",1115,30
"US",3859,44
"US",601,10
"US",1316,20
"US",217,7
"US",397,4
"US",3692,39
"US",2323,49
"US",3650,51
"US",894,13
"US",2926,81
"US",1972,30
"US",1388,21
"US",982,9
"US",41511,564
"US",10678,152
"US",8449,68
"US",4059,104
"US",8363,186
"US",48300,763
"US",1985,20
"US",2707,30
"US",3140,51
"US",2705,39
"US",7959,163
"US",3273,60
"US",21054,341
"US",3548,97
"US",578,8
"US",1026,37
"US",893,26
"US",1978,35
"US",19128,204
"US",11621,97
"US",729,6
"US",1069,24
"US",3135,59
"US",2166,22
"US",3007,65
"US",1260,19
"US",4102,59
"US",19,0
"US",13172,193
"US",2185,44
"US",1046,7
"US",1395,38
"US",196,1
"US",560,3
"US",319,0
"US",3324,43
"US",1309,31
"US",11014,223
"US",1764,31
"US",13219,176
"US",543,3
"US",327,1
"US",1793,31
"US",19050,329
"US",449,19
"US",3242,46
"US",10431,172
"US",145,1488
"US",1697,29
"US",6429,75
"US",1048,11
"US",1496,34
"US",1225,18
"US",1336,40
"US",1122,20
"US",4828,124
"US",52293,724
"US",5316,98
"US",24019,344
"US",2786,47
"US",2645,40
"US",28274,507
"US",5522,111
"US",753,10
"US",895,24
"US",4541,71
"US",752,11
"US",1354,14
"US",4244,64
"US",8544,125
"US",1887,38
"US",3240,37
"US",602,11
"US",2299,73
"US",3014,68
"US",3877,48
"US",2135,77
"US",7712,146
"US",4704,62
"US",22792,356
"US",2219,45
"US",5197,119
"US",1546,31
"US",1245,30
"US",1411,34
"US",3059,72
"US",5042,121
"US",1966,61
"US",24249,316
"US",5246,89
"US",2693,39
"US",11661,228
"US",4296,63
"US",6723,136
"US",2477,47
"US",3788,54
"US",2491,33
"US",1511,24
"US",2185,50
"US",1708,36
"US",12309,265
"US",2938,71
"US",6884,82
"US",2059,63
"US",7650,150
"US",40230,697
"US",3338,80
"US",9071,225
"US",71487,1300
"US",4519,87
"US",601,12
"US",2758,39
"US",8075,116
"US",2889,65
"US",4354,88
"US",831,24
"US",4081,63
"US",400,10
"US",1245,33
"US",1344,37
"US",1175,12
"US",1212,23
"US",947,28
"US",12948,204
"US",1941,27
"US",858,34
"US",2489,39
"US",1860,51
"US",2513,42
"US",1221,15
"US",1933,38
"US",3447,74
"US",1520,14
"US",24443,418
"US",1560,46
"US",2681,27
"US",1689,29
"US",508,6
"US",15176,94
"US",1100,37
"US",0,231
"US",511,4
"US",15786,271
"US",1274,32
"US",9391,184
"US",2630,58
"US",545,10
"US",5326,107
"US",1450,16
"US",5291,152
"US",1935,51
"US",2351,38
"US",2500,28
"US",610,17
"US",266,2
"US",1184,25
"US",976,36
"US",384,7
"US",1989,37
"US",12820,218
"US",1924,15
"US",2271,44
"US",1445,16
"US",3727,26
"US",1290,22
"US",1173,9
"US",2393,30
"US",1056,38
"US",1398,18
"US",4353,62
"US",1241,22
"US",1041,11
"US",690,6
"US",1551,12
"US",1396,46
"US",4151,55
"US",2133,22
"US",7983,66
"US",639,20
"US",430,4
"US",1637,29
"US",3548,34
"US",1717,20
"US",10653,136
"US",1020,24
"US",1412,19
"US",1284,34
"US",909,17
"US",472,5
"US",648,7
"US",1095,17
"US",957,23
"US",1491,24
"US",1183,24
"US",1457,26
"US",1446,53
"US",2485,27
"US",727,17
"US",983,18
"US",699,29
"US",1141,21
"US",1785,29
"US",2914,53
"US",1033,20
"US",11186,47
"US",2593,48
"US",792,25
"US",1559,32
"US",2878,24
"US",16659,245
"US",1076,24
"US",584,8
"US",1260,25
"US",975,8
"US",1749,34
"US",2716,47
"US",4037,57
"US",1285,15
"US",1048,30
"US",549,16
"US",682,17
"US",770,15
"US",3584,75
"US",1591,53
"US",614,8
"US",1373,13
"US",819,8
"US",3366,51
"US",724,12
"US",41670,412
"US",8327,95
"US",1212,24
"US",367,7
"US",1041,14
"US",14197,152
"US",950,24
"US",4355,44
"US",8033,31
"US",1762,55
"US",547,9
"US",751,0
"US",1034,19
"US",456,11
"US",3144,91
"US",3836,34
"US",1893,28
"US",384,21
"US",4455,64
"US",1104,28
"US",1386,18
"US",12339,167
"US",528,3
"US",1530,18
"US",683,11
"US",594,2
"US",1268,10
"US",291,3
"US",2229,35
"US",971,10
"US",1057,22
"US",5493,23
"US",238,3
"US",189,3
"US",1764,33
"US",284,10
"US",195,5
"US",647,20
"US",864,22
"US",523,10
"US",150,7
"US",2663,46
"US",3454,34
"US",231,8
"US",1274,16
"US",738,7
"US",6482,34
"US",240,8
"US",114,0
"US",3231,54
"US",1059,10
"US",5482,35
"US",5182,44
"US",1835,18
"US",1841,17
"US",335,20
"US",206,3
"US",912,14
"US",523,9
"US",95,1
"US",471,6
"US",188,0
"US",434,15
"US",2707,27
"US",364,2
"US",162,5
"US",1039,10
"US",1206,10
"US",151,3
"US",39696,454
"US",507,9
"US",564,7
"US",178,1
"US",1993,30
"US",127,5
"US",5118,38
"US",217,2
"US",534,3
"US",276,6
"US",3404,59
"US",701,7
"US",855,21
"US",2385,26
"US",400,4
"US",1880,15
"US",401,3
"US",2316,27
"US",404,16
"US",201,8
"US",1354,49
"US",1229,14
"US",306,15
"US",1165,25
"US",836,8
"US",195,1
"US",421,8
"US",1012,7
"US",585,12
"US",1151,6
"US",686,19
"US",256,7
"US",7041,104
"US",578,11
"US",820,4
"US",4917,20
"US",533,9
"US",343,8
"US",727,18
"US",4552,58
"US",515,16
"US",40608,406
"US",3533,28
"US",11929,219
"US",388,8
"US",545,9
"US",216,1
"US",280,8
"US",161,5
"US",487,6
"US",1393,21
"US",904,7
"US",295,5
"US",0,94
"US",452,8
"US",161,2
"US",440,8
"US",182,5
"US",685,7
"US",119,2
"US",15892,198
"US",1202,39
"US",1153,17
"US",971,2
"US",233,2
"US",2536,35
"US",505,8
"US",1787,26
"US",7521,38
"US",926,1
"US",3003,31
"US",2162,2
"US",275,3
"US",597,3
"US",658,5
"US",4134,30
"US",789,16
"US",869,15
"US",2344,25
"US",4513,24
"US",328,1
"US",527,6
"US",1363,6
"US",826,23
"US",4258,51
"US",1452,15
"US",1623,8
"US",839,15
"US",336,3
"US",394,4
"US",5737,74
"US",537,13
"US",784,1
"US",670,0
"US",23078,143
"US",711,2
"US",1805,15
"US",2132,19
"US",363,4
"US",426,9
"US",940,4
"US",1238,6
"US",2632,47
"US",1295,32
"US",750,10
"US",2275,19
"US",447,11
"US",5949,42
"US",1538,18
"US",729,1
"US",1229,9
"US",2939,45
"US",814,4
"US",223,5
"US",2623,79
"US",846,19
"US",50804,530
"US",2598,46
"US",1120,15
"US",8747,66
"US",738,14
"US",1763,10
"US",816,4
"US",3645,14
"US",758,5
"US",1043,18
"US",471,1
"US",1027,3
"US",775,23
"US",1443,23
"US",488,5
"US",1695,39
"US",320,5
"US",5706,35
"US",701,1
"US",1510,20
"US",1558,20
"US",657,10
"US",920,17
"US",4265,41
"US",1089,1
"US",550,20
"US",1133,4
"US",215,1
"US",1365,6
"US",601,7
"US",945,26
"US",1378,12
"US",518,0
"US",1920,28
"US",2855,17
"US",255,3
"US",1473,26
"US",3737,48
"US",428,6
"US",304,10
"US",612,1
"US",1552,15
"US",2923,34
"US",686,0
"US",3699,33
"US",138,5
"US",842,8
"US",1214,3
"US",1099,23
"US",2457,23
"US",2989,28
"US",1183,10
"US",987,5
"US",1723,16
"US",686,16
"US",658,3
"US",373,0
"US",0,0
"US",954,9
"US",10105,84
"US",869,9
"US",1309,8
"US",741,12
"US",2741,9
"US",300,3
"US",1253,1
"US",5082,153
"US",2458,71
"US",7849,117
"US",1379,28
"US",2695,90
"US",1977,54
"US",1202,47
"US",8979,199
"US",17819,517
"US",13933,285
"US",922,21
"US",381,4
"US",853,22
"US",1072,34
"US",1448,38
"US",1764,51
"US",25726,583
"US",959,16
"US",2458,91
"US",2624,57
"US",2044,81
"US",1501,40
"US",4840,120
"US",2683,73
"US",1392,38
"US",31498,669
"US",2285,65
"US",1149,23
"US",16753,188
"US",6250,162
"US",3339,73
"US",8761,125
"US",1307,18
"US",2133,46
"US",2840,58
"US",20780,679
"US",13951,284
"US",0,0
"US",1708,21
"US",1918,57
"US",8258,212
"US",661,29
"US",1744,40
"US",2064,44
"US",2367,39
"US",3637,73
"US",707,5
"US",1323,43
"US",2649,119
"US",6576,202
"US",3804,82
"US",3080,102
"US",15312,345
"US",9038,184
"US",273,3
"US",6260,149
"US",399,0
"US",1842,66
"US",3518,85
"US",2168,76
"US",3135,87
"US",2822,68
"US",1836,48
"US",913,34
"US",950,25
"US",1227,30
"US",2718,44
"US",643,8
"US",7457,98
"US",454,5
"US",551,12
"US",1879,29
"US",373,4
"US",308,2
"US",0,0
"US",1123,21
"US",2145,21
"US",117,1
"US",389,1
"US",750,21
"US",23,0
"US",382,17
"US",381,4
"US",5209,64
"US",5474,154
"US",24815,367
"US",39001,942
"US",31911,711
"US",2268,46
"US",1341,10
"US",5249,167
"US",3620,75
"US",6116,124
"US",1382,22
"US",11518,196
"US",1487,53
"US",8660,168
"US",11363,181
"US",742,27
"US",46717,1129
"US",55139,1089
"US",1701,28
"US",1816,22
"US",3308,89
"US",1185,8
"US",0,55
"US",8432,153
"US",4752,78
"US",2222,48
"US",5396,238
"US",2907,138
"US",34655,1071
"US",1231,2
"US",58429,1698
"US",1278,92
"US",26282,1046
"US",3832,198
"US",75615,2729
"US",27296,1302
"US",24296,1005
"US",54556,1374
"US",16810,7
"US",42595,1523
"US",336,14
"US",319,2
"US",5758,66
"US",1142,26
"US",618,9
"US",597,24
"US",545,28
"US",2968,34
"US",6219,187
"US",658,26
"US",9218,189
"US",3070,68
"US",7802,189
"US",3194,45
"US",849,10
"US",737,33
"US",1385,14
"US",1224,41
"US",3879,40
"US",457,6
"US",2889,77
"US",2174,68
"US",4667,88
"US",1207,33
"US",289,5
"US",21619,596
"US",1184,32
"US",1002,38
"US",3015,46
"US",2417,69
"US",2588,57
"US",1974,32
"US",1523,42
"US",12635,184
"US",3393,43
"US",1104,46
"US",813,37
"US",3426,42
"US",7675,154
"US",12232,240
"US",491,12
"US",43274,543
"US",82,2
"US",304,9
"US",4023,101
"US",626,7
"US",4207,61
"US",7825,73
"US",192,0
"US",380,2
"US",49473,1601
"US",591,15
"US",3557,52
"US",979,19
"US",1651,14
"US",1689,25
"US",20981,124
"US",4011,44
"US",479,8
"US",7595,149
"US",2932,65
"US",286,9
"US",9333,260
"US",2253,33
"US",61195,1636
"US",1605,43
"US",921,30
"US",306,16
"US",841,18
"US",308,15
"US",1015,22
"US",18475,272
"US",2490,10
"US",530,9
"US",963,27
"US",12336,383
"US",1497,57
"US",229,4
"US",2954,58
"US",7026,158
"US",3584,50
"US",2637,89
"US",17,0
"US",4044,78
"US",13702,193
"US",84941,3624
"US",990,18
"US",1023,32
"US",28973,323
"US",2680,36
"US",2871,41
"US",3888,78
"US",434,3
"US",5040,28
"US",2011,32
"US",2595,37
"US",6449,33
"US",1928,20
"US",1275,29
"US",4149,27
"US",6163,78
"US",657,14
"US",104,0
"US",1221,15
"US",4509,64
"US",30280,277
"US",1175,4
"US",3481,59
"US",911,11
"US",1110,1
"US",1992,18
"US",3059,42
"US",390,7
"US",86273,1382
"US",1185,12
"US",1396,37
"US",2636,31
"US",2692,39
"US",791,8
"US",924,18
"US",5379,65
"US",341,18
"US",546,9
"US",603,14
"US",547,15
"US",152,1
"US",1950,15
"US",454,1
"US",2847,29
"US",396,7
"US",675,12
"US",1570,25
"US",3073,39
"US",1879,32
"US",2028,43
"US",2914,43
"US",3321,25
"US",755,5
"US",2073,32
"US",3530,46
"US",410,8
"US",9309,61
"US",4216,50
"US",905,14
"US",2472,12
"US",875,21
"US",3198,49
"US",690,4
"US",37111,688
"US",309,4
"US",1308,26
"US",1291,39
"US",5516,55
"US",1025,10
"US",1599,14
"US",11016,81
"US",7654,57
"US",1021,5
"US",12538,205
"US",16946,172
"US",2512,9
"US",671,6
"US",790,16
"US",2226,27
"US",216,2
"US",444,59
"US",1500,2
"US",1123,12
"US",1755,13
"US",18467,190
"US",1024,7
"US",588,7
"US",3565,43
"US",10834,88
"US",880,14
"US",1807,58
"US",2235,40
"US",869,23
"US",1751,51
"US",683,21
"US",3450,95
"US",1184,17
"US",936,18
"US",1607,37
"US",526,10
"US",723,20
"US",1206,58
"US",1349,30
"US",1971,52
"US",2195,45
"US",1858,67
"US",14885,139
"US",5292,102
"US",596,9
"US",1740,35
"US",996,25
"US",1978,62
"US",2074,55
"US",10843,157
"US",14118,272
"US",1596,65
"US",739,22
"US",152,4
"US",2322,51
"US",8820,159
"US",1467,25
"US",467,14
"US",766,24
"US",5288,97
"US",666,19
"US",4289,84
"US",4162,60
"US",4992,171
"US",919,16
"US",2069,57
"US",7758,118
"US",2664,101
"US",2592,79
"US",4458,92
"US",7294,136
"US",1775,63
"US",2929,63
"US",3061,89
"US",994,31
"US",3032,142
"US",1631,34
"US",959,20
"US",3453,76
"US",3236,71
"US",2633,81
"US",890,30
"US",2252,71
"US",3196,42
"US",2129,42
"US",606,7
"US",8957,168
"US",2146,40
"US",390,17
"US",2064,64
"US",1036,20
"US",1202,18
"US",2435,61
"US",1240,33
"US",2414,56
"US",2026,40
"US",1596,53
"US",759,19
"US",0,0
"US",2865,42
"US",1012,34
"US",2773,79
"US",4322,116
"US",1698,27
"US",789,18
"US",533,23
"US",1854,51
"US",1014,33
"US",2133,50
"US",1629,4
"US",1109,14
"US",260,5
"US",1824,32
"US",1819,36
"US",776,8
"US",845,12
"US",1203,16
"US",961,12
"US",13498,44
"US",6068,96
"US",2850,15
"US",553,5
"US",3817,20
"US",3183,63
"US",6503,99
"US",661,18
"US",379,6
"US",5631,55
"US",529,8
"US",337,3
"US",5580,49
"US",376,5
"US",6339,98
"US",1272,56
"US",7668,86
"US",1502,20
"US",1731,19
"US",362,9
"US",707,18
"US",470,9
"US",784,19
"US",710,8
"US",631,19
"US",2096,15
"US",6656,113
"US",689,29
"US",614,16
"US",19064,278
"US",689,23
"US",637,10
"US",1453,22
"US",435,9
"US",328,9
"US",623,3
"US",2343,37
"US",411,1
"US",23679,245
"US",10125,160
"US",15317,134
"US",3250,31
"US",30472,354
"US",151,2
"US",2515,46
"US",2092,40
"US",2346,52
"US",549,3
"US",3561,19
"US",409,9
"US",1050,24
"US",932,10
"US",1215,10
"US",469,6
"US",2360,24
"US",1683,18
"US",133,1
"US",2044,41
"US",1139,16
"US",1510,17
"US",522,5
"US",504,9
"US",1458,24
"US",1624,31
"US",3505,46
"US",2286,18
"US",542,3
"US",1206,8
"US",382,4
"US",1285,21
"US",1862,19
"US",4100,61
"US",2525,86
"US",1285,14
"US",2467,23
"US",1842,21
"US",2571,27
"US",200,1
"US",667,7
"US",1611,17
"US",1140,8
"US",225,2
"US",678,8
"US",2033,23
"US",203,1
"US",230,3
"US",3345,60
"US",410,9
"US",299,4
"US",27407,290
"US",465,5
"US",6616,69
"US",69480,1391
"US",17610,336
"US",1430,5
"US",2027,34
"US",1645,24
"US",661,10
"US",3827,52
"US",1363,18
"US",36960,0
"US",1100,19
"US",1667,9
"US",1798,39
"US",670,6
"US",2462,39
"US",122,1
"US",1096,24
"US",769,8
"US",2050,58
"US",603,22
"US",294,1
"US",682,8
"US",135,4
"US",6634,104
"US",371,4
"US",987,9
"US",138,5
"US",926,23
"US",847,9
"US",268,2
"US",860,13
"US",8854,56
"US",9313,37
"US",72,2
"US",1324,23
"US",43,0
"US",162,2
"US",1639,34
"US",777,4
"US",77,0
"US",1471,16
"US",4859,38
"US",101,1
"US",1089,9
"US",509,3
"US",143,0
"US",111,7
"US",177,0
"US",6385,54
"US",264,7
"US",876,6
"US",10,1
"US",426,12
"US",387,3
"US",102,5
"US",788,5
"US",124,2
"US",2156,26
"US",875,11
"US",1390,51
"US",1027,28
"US",440,3
"US",357,5
"US",3033,34
"US",543,8
"US",314,6
"US",312,5
"US",673,8
"US",43,1
"US",0,0
"US",644,7
"US",141,6
"US",113,4
"US",13847,161
"US",2297,36
"US",427,4
"US",18,0
"US",26,0
"US",16,0
"US",421,4
"US",784,8
"US",162,3
"US",209,2
"US",4329,48
"US",521,9
"US",717,9
"US",1762,13
"US",549,10
"US",369,3
"US",251,4
"US",758,12
"US",552,8
"US",1447,18
"US",824,9
"US",639,14
"US",3505,55
"US",547,18
"US",2476,24
"US",70,0
"US",490,6
"US",3798,42
"US",53581,515
"US",102,4
"US",409,7
"US",210,2
"US",153,1
"US",363,4
"US",1839,13
"US",92,1
"US",127,3
"US",159,3
"US",23,3
"US",178,2
"US",5829,96
"US",711,15
"US",179,0
"US",55,0
"US",176,2
"US",675,13
"US",47,2
"US",470,13
"US",555,1
"US",543,5
"US",583,4
"US",589,2
"US",38,0
"US",341,5
"US",677,5
"US",22626,123
"US",3026,34
"US",69,0
"US",36,0
"US",3778,39
"US",21,0
"US",582,11
"US",408,12
"US",349,9
"US",481,10
"US",299,1
"US",1014,2
"US",160,1
"US",230,11
"US",746,8
"US",538,19
"US",3517,41
"US",348,9
"US",953,5
"US",519,15
"US",99,2
"US",1743,3
"US",15923,78
"US",1795,10
"US",3041,50
"US",1156,19
"US",385,11
"US",151,4
"US",27,0
"US",317,8
"US",382,3
"US",46,0
"US",706,9
"US",1257,5
"US",249,3
"US",1638,17
"US",883,6
"US",273,3
"US",28,0
"US",1249,7
"US",5016,57
"US",1381,39
"US",171850,2384
"US",1974,16
"US",3896,34
"US",32,0
"US",30,0
"US",813,10
"US",388,4
"US",277,1
"US",2163,44
"US",199,4
"US",1994,46
"US",832,10
"US",66,2
"US",0,0
"US",35756,489
"US",379,3
"US",1934,47
"US",905,4
"US",1263,7
"US",662,15
"US",1127,9
"US",17624,435
"US",4793,64
"US",10918,141
"US",3489,31
"US",430,6
"US",2787,0
"US",15351,370
"US",52473,2330
"US",23630,627
"US",31632,827
"US",4683,137
"US",9432,229
"US",51576,2399
"US",16157,397
"US",48010,1707
"US",4173,139
"US",19893,725
"US",48256,1683
"US",35247,1049
"US",23738,965
"US",36513,1381
"US",43267,1460
"US",3121,112
"US",15429,666
"US",5122,215
"US",1075,0
"US",41887,1559
"US",4378,183
"US",41121,573
"US",58,3
"US",7027,92
"US",2278,75
"US",524,23
"US",4097,46
"US",97,0
"US",17636,280
"US",4586,73
"US",921,15
"US",279,5
"US",8,0
"US",242,8
"US",6751,90
"US",1043,10
"US",286,0
"US",2370,43
"US",9881,344
"US",123,3
"US",2167,38
"US",332,7
"US",2314,42
"US",1527,28
"US",10308,297
"US",861,4
"US",8269,133
"US",7414,75
"US",536,35
"US",959,42
"US",1154,41
"US",485,4
"US",3368,0
"US",192,7
"US",4928,66
"US",11917,205
"US",1876,73
"US",86505,5140
"US",8301,206
"US",2585,44
"US",2997,23
"US",3625,21
"US",4585,96
"US",1250,21
"US",1158,8
"US",1678,60
"US",2107,35
"US",726,11
"US",12379,237
"US",41988,1209
"US",608,16
"US",781,9
"US",1317,36
"US",2767,53
"US",1383,23
"US",112,1
"US",2230,24
"US",1859,10
"US",125467,7745
"US",944,15
"US",1928,25
"US",2337,66
"US",34592,578
"US",1393,45
"US",89460,2401
"US",61676,3348
"US",8745,180
"US",12425,253
"US",21508,432
"US",3365,62
"US",23679,597
"US",1397,63
"US",3510,39
"US",1229,16
"US",0,154
"US",4937,67
"US",127132,7578
"US",4415,82
"US",35646,1288
"US",27768,589
"US",5796,43
"US",6076,86
"US",572,5
"US",534,10
"US",817,36
"US",2182,44
"US",3467,120
"US",97931,2311
"US",3169,40
"US",1711,54
"US",2114,14
"US",5816,143
"US",32,87
"US",1249,32
"US",874,16
"US",2632,39
"US",70614,1675
"US",1421,23
"US",522,11
"US",10397,117
"US",2662,30
"US",638,2
"US",1407,26
"US",1212,27
"US",1342,15
"US",2534,61
"US",1204,27
"US",1843,24
"US",4402,72
"US",9195,159
"US",6195,75
"US",11161,146
"US",5842,28
"US",285,5
"US",2723,17
"US",1160,9
"US",11101,158
"US",2905,65
"US",1257,15
"US",821,20
"US",368,5
"US",6675,139
"US",3629,83
"US",5127,83
"US",13900,138
"US",649,11
"US",1024,5
"US",8700,85
"US",2112,13
"US",4227,67
"US",14811,141
"US",3227,81
"US",20643,221
"US",3186,37
"US",15513,239
"US",357,12
"US",395,11
"US",3570,63
"US",1534,27
"US",24500,312
"US",2899,49
"US",5958,94
"US",2136,61
"US",5340,89
"US",1349,48
"US",2758,35
"US",326,5
"US",9369,101
"US",2259,18
"US",11570,104
"US",407,16
"US",3510,41
"US",3239,70
"US",5378,20
"US",1400,9
"US",797,19
"US",1328,25
"US",3066,38
"US",62454,554
"US",875,6
"US",1920,46
"US",4871,75
"US",6081,120
"US",9597,89
"US",1052,27
"US",8730,66
"US",5046,65
"US",528,5
"US",1807,44
"US",2737,22
"US",533,5
"US",1646,21
"US",11454,69
"US",720,13
"US",8048,123
"US",2630,47
"US",9840,137
"US",4432,25
"US",9017,168
"US",4337,95
"US",4912,61
"US",2522,54
"US",4331,78
"US",2005,26
"US",4430,75
"US",692,8
"US",917,10
"US",169,3
"US",82,0
"US",12505,98
"US",2679,68
"US",44059,344
"US",1093,9
"US",444,10
"US",2605,16
"US",7422,145
"US",3877,72
"US",5516,103
"US",2377,28
"US",1031,5
"US",190,2
"US",1243,29
"US",991,16
"US",49,0
"US",614,20
"US",307,4
"US",200,1
"US",13680,176
"US",19929,169
"US",408,4
"US",692,32
"US",137,2
"US",355,7
"US",413,6
"US",376,10
"US",525,19
"US",201,0
"US",9255,66
"US",172,7
"US",303,2
"US",269,4
"US",248,8
"US",475,16
"US",215,8
"US",534,19
"US",313,7
"US",1029,11
"US",1128,27
"US",1012,9
"US",4638,90
"US",1196,15
"US",410,11
"US",149,2
"US",699,10
"US",497,21
"US",1471,21
"US",553,12
"US",279,12
"US",1556,15
"US",1893,22
"US",408,5
"US",97,2
"US",604,10
"US",29,0
"US",4074,47
"US",166,2
"US",3143,70
"US",275,10
"US",914,17
"US",0,7
"US",1638,21
"US",8455,174
"US",401,7
"US",3962,32
"US",122,2
"US",1367,30
"US",8308,178
"US",2729,71
"US",3829,127
"US",3101,25
"US",3642,66
"US",3169,101
"US",2367,33
"US",25723,405
"US",1127,25
"US",1917,35
"US",8988,208
"US",12046,152
"US",2355,45
"US",6147,164
"US",1703,36
"US",2616,77
"US",70137,1519
"US",4140,96
"US",2722,72
"US",11362,83
"US",4912,112
"US",10031,130
"US",1806,29
"US",84050,1059
"US",2744,49
"US",1668,30
"US",4022,117
"US",9685,168
"US",2019,36
"US",51821,817
"US",4593,97
"US",1756,46
"US",692,19
"US",1791,49
"US",2103,41
"US",1381,43
"US",1963,80
"US",3389,82
"US",2138,36
"US",3395,94
"US",2783,72
"US",12756,247
"US",3517,61
"US",10528,151
"US",2385,44
"US",14786,320
"US",25805,595
"US",2926,46
"US",14800,480
"US",6733,112
"US",9312,186
"US",844,22
"US",3911,78
"US",7580,133
"US",735,28
"US",35615,712
"US",644,14
"US",1834,26
"US",5400,87
"US",1008,33
"US",2340,56
"US",1187,26
"US",1847,38
"US",6137,80
"US",1406,16
"US",7297,124
"US",2719,71
"US",3266,80
"US",7499,144
"US",4439,103
"US",3553,84
"US",4243,66
"US",3481,78
"US",3448,54
"US",20468,655
"US",28040,657
"US",10843,353
"US",6196,178
"US",0,0
"US",3597,28
"US",1711,56
"US",513,11
"US",15752,206
"US",2996,83
"US",5829,157
"US",2290,51
"US",8299,146
"US",1628,36
"US",1870,14
"US",932,4
"US",1307,3
"US",308,2
"US",1964,22
"US",660,3
"US",3980,32
"US",2785,39
"US",10582,52
"US",2754,18
"US",3671,17
"US",1076,6
"US",107,1
"US",19231,163
"US",478,4
"US",6994,60
"US",422,10
"US",1457,7
"US",4079,64
"US",2981,31
"US",2915,44
"US",421,3
"US",309,1
"US",5394,43
"US",2306,18
"US",3848,37
"US",380,5
"US",379,9
"US",201,0
"US",345,3
"US",878,7
"US",828,9
"US",2336,37
"US",436,3
"US",837,10
"US",3312,33
"US",1357,12
"US",544,11
"US",532,5
"US",3590,30
"US",2108,33
"US",2547,8
"US",906,6
"US",716,4
"US",1123,6
"US",2565,24
"US",3561,28
"US",2937,52
"US",1326,18
"US",1164,9
"US",6526,48
"US",984,7
"US",681,9
"US",1414,15
"US",57993,441
"US",2600,27
"US",3016,26
"US",2728,28
"US",0,0
"US",1065,12
"US",5883,28
"US",3010,23
"US",3135,25
"US",5552,37
"US",625,6
"US",253,6
"US",6566,85
"US",1820,18
"US",2479,16
"US",3029,23
"US",2956,17
"US",544,9
"US",48124,399
"US",509,0
"US",4650,46
"US",3129,60
"US",757,3
"US",981,5
"US",2461,10
"US",472,5
"US",1347,11
"US",10058,112
"US",553,3
"US",837,14
"US",756,9
"US",448,7
"US",278,3
"US",3976,22
"US",1387,39
"US",37,1
"US",170,1
"US",134,2
"US",816,14
"US",5884,72
"US",1425,17
"US",1193,22
"US",1910,18
"US",197,4
"US",6929,92
"US",880,17
"US",2650,32
"US",2894,50
"US",13928,210
"US",815,8
"US",25290,390
"US",1977,30
"US",31,0
"US",308,0
"US",5640,57
"US",0,0
"US",980,14
"US",76,3
"US",905,22
"US",16070,141
"US",17,1
"US",2641,34
"US",4674,90
"US",54764,1036
"US",3549,70
"US",8525,256
"US",2990,97
"US",23833,571
"US",8072,176
"US",3098,56
"US",30794,908
"US",9566,201
"US",9058,254
"US",159,4
"US",2844,90
"US",9291,142
"US",20544,594
"US",2026,46
"US",4094,50
"US",1996,25
"US",2856,73
"US",5010,84
"US",10647,306
"US",14172,316
"US",29810,960
"US",1475,17
"US",11866,227
"US",7255,114
"US",314,4
"US",8827,231
"US",729,10
"US",1710,15
"US",3129,87
"US",4023,126
"US",1907,45
"US",1382,48
"US",9003,269
"US",28382,741
"US",4261,129
"US",9040,158
"US",20747,511
"US",17591,468
"US",6174,124
"US",1738,23
"US",6061,144
"US",3477,120
"US",6178,204
"US",36500,1155
"US",1130,25
"US",16957,436
"US",5160,235
"US",1751,34
"US",95401,2450
"US",1459,33
"US",596,14
"US",8021,248
"US",1957,43
"US",4987,88
"US",149,3
"US",1049,39
"US",1939,61
"US",0,0
"US",2834,43
"US",2442,47
"US",1528,36
"US",9226,135
"US",1863,18
"US",19808,428
"US",811,29
"US",23862,425
"US",315,0
"US",678,0
"US",860,0
"US",652,0
"US",305,0
"US",487,0
"US",1775,0
"US",157,0
"US",446,0
"US",612,0
"US",5774,0
"US",393,0
"US",3491,0
"US",707,0
"US",1015,0
"US",4881,0
"US",698,0
"US",724,0
"US",191,0
"US",444,0
"US",743,0
"US",450,0
"US",449,0
"US",894,0
"US",23,0
"US",1233,0
"US",584,0
"US",326,0
"US",116,0
"US",410,0
"US",158,0
"US",2568,0
"US",1111,0
"US",662,0
"US",237,0
"US",889,0
"US",726,0
"US",146,0
"US",559,0
"US",1115,0
"US",160,0
"US",406,0
"US",106,0
"US",785,0
"US",603,0
"US",329,0
"US",871,0
"US",53,0
"US",167,0
"US",995,0
"US",838,0
"US",820,0
"US",492,0
"US",842,0
"US",454,0
"US",205,0
"US",172,0
"US",297,0
"US",1542,0
"US",458,0
"US",212,0
"US",975,0
"US",173,0
"US",439,0
"US",286,0
"US",11063,0
"US",944,0
"US",808,0
"US",233,0
"US",2194,0
"US",2224,0
"US",1747,0
"US",2377,1521
"US",545,0
"US",1048,0
"US",1709,0
"US",96,0
"US",456,0
"US",467,0
"US",459,0
"US",0,0
"US",2403,58
"US",9901,194
"US",2595,11
"US",58946,1348
"US",9622,219
"US",4482,114
"US",1275,25
"US",9156,133
"US",511,9
"US",12054,280
"US",957,40
"US",1455,30
"US",9586,105
"US",9153,111
"US",807,20
"US",24202,321
"US",3035,79
"US",2247,45
"US",2336,61
"US",1830,74
"US",1951,55
"US",4546,94
"US",2376,59
"US",8354,128
"US",1551,26
"US",1364,53
"US",10494,259
"US",3930,79
"US",37327,502
"US",4248,93
"US",1099,36
"US",20336,317
"US",1347,25
"US",3911,75
"US",5234,84
"US",3609,81
"US",1194,42
"US",16734,269
"US",1946,63
"US",1916,27
"US",473,9
"US",2822,71
"US",5241,62
"US",5105,147
"US",10203,153
"US",26344,335
"US",1001,28
"US",19756,392
"US",5519,117
"US",0,0
"US",1551,41
"US",2213,61
"US",15208,180
"US",414,8
"US",2509,35
"US",355,8
"US",1477,23
"US",2981,30
"US",4426,60
"US",627,7
"US",410,10
"US",881,18
"US",115,4
"US",1112,11
"US",313,2
"US",1625,12
"US",3452,70
"US",449,10
"US",672,9
"US",2718,53
"US",537,20
"US",412,7
"US",1263,12
"US",382,7
"US",369,4
"US",454,12
"US",313,12
"US",826,35
"US",482,26
"US",233,7
"US",606,34
"US",312,2
"US",311,3
"US",89,1
"US",2023,25
"US",700,16
"US",132,1
"US",262,8
"US",259,15
"US",67,0
"US",538,13
"US",1020,16
"US",2555,28
"US",6780,66
"US",520,9
"US",260,4
"US",683,22
"US",181,1
"US",2231,24
"US",215,2
"US",225,6
"US",24977,264
"US",535,14
"US",1927,35
"US",11197,131
"US",285,11
"US",300,3
"US",984,32
"US",305,3
"US",703,24
"US",272,2
"US",111,3
"US",1162,19
"US",629,12
"US",970,49
"US",0,0
"US",1608,30
"US",618,14
"US",2514,26
"US",291,8
"US",5631,72
"US",4548,61
"US",1168,30
"US",1565,9
"US",9976,98
"US",9120,72
"US",2782,36
"US",1366,15
"US",2696,52
"US",4464,86
"US",2865,24
"US",1490,31
"US",1682,18
"US",845,23
"US",2841,44
"US",4916,65
"US",1641,29
"US",4398,51
"US",61497,570
"US",2087,33
"US",1335,20
"US",4624,59
"US",4254,70
"US",3321,48
"US",1880,29
"US",3549,48
"US",5033,91
"US",2670,60
"US",1768,26
"US",5517,92
"US",1193,19
"US",5862,86
"US",28544,273
"US",324,5
"US",2830,41
"US",2630,35
"US",3631,56
"US",2169,36
"US",2945,44
"US",2311,38
"US",1929,26
"US",797,22
"US",1167,12
"US",948,19
"US",3861,62
"US",1774,28
"US",32652,297
"US",1408,13
"US",2627,28
"US",4416,58
"US",1151,19
"US",3299,34
"US",4210,37
"US",2588,45
"US",8035,152
"US",1860,26
"US",2863,30
"US",9248,104
"US",4352,66
"US",2045,38
"US",969,16
"US",3880,56
"US",11511,126
"US",701,6
"US",1534,11
"US",3642,71
"US",14223,61
"US",2183,41
"US",855,23
"US",567,17
"US",1174,16
"US",8678,121
"US",3174,48
"US",4325,56
"US",6533,74
"US",28618,242
"US",1994,23
"US",1148,17
"US",8901,70
"US",66562,903
"US",2045,24
"US",883,20
"US",10862,178
"US",15789,206
"US",5409,53
"US",2159,12
"US",16851,86
"US",1446,40
"US",1221,17
"US",545,6
"US",4395,43
"US",10223,165
"US",2417,17
"US",3071,43
"US",2737,39
"US",17903,121
"US",12476,128
"US",4814,65
"US",1433,25
"US",5696,149
"US",737,23
"US",562,6
"US",110,5
"US",2938,68
"US",1037,15
"US",719,13
"US",575,12
"US",3812,47
"US",214,7
"US",2678,46
"US",13238,168
"US",115685,1739
"US",284,7
"US",18,0
"US",805,17
"US",4059,123
"US",21553,242
"US",14526,140
"US",883,8
"US",94,2
"US",600,27
"US",2797,59
"US",937,14
"US",1964,27
"US",2435,45
"US",1203,10
"US",801,18
"US",29525,1183
"US",771,25
"US",296,10
"US",1304,50
"US",794,15
"US",2627,11
"US",3101,77
"US",1223,7
"US",715,10
"US",205,10
"US",393,10
"US",418,15
"US",49393,373
"US",211,5
"US",1018,15
"US",6239,144
"US",1013,30
"US",210,3
"US",2301,32
"US",3596,32
"US",152,5
"US",512,9
"US",520,10
"US",351,20
"US",285,4
"US",462,19
"US",193318,2033
"US",1429,49
"US",1446,48
"US",2314,56
"US",151,3
"US",39182,352
"US",130,7
"US",626,13
"US",268,7
"US",884,28
"US",828,16
"US",11543,224
"US",183,2
"US",98906,1700
"US",13261,175
"US",3026,30
"US",1199,17
"US",1881,53
"US",1298,35
"US",221,9
"US",563,23
"US",70,4
"US",36324,392
"US",441,12
"US",934,24
"US",1803,12
"US",1234,29
"US",21725,220
"US",267,17
"US",1426,22
"US",91,1
"US",282,8
"US",1640,25
"US",1690,33
"US",6639,178
"US",6923,172
"US",1807,44
"US",6974,107
"US",5152,126
"US",235,9
"US",493,16
"US",617,13
"US",257,8
"US",3430,50
"US",239657,3417
"US",2551,63
"US",317,0
"US",315,11
"US",11874,126
"US",353,1
"US",3675,77
"US",51662,2201
"US",2229,34
"US",1906,79
"US",3959,72
"US",2261,70
"US",1132,24
"US",3927,67
"US",448,8
"US",3666,84
"US",1193,49
"US",71,0
"US",423,9
"US",1106,20
"US",1502,44
"US",108,1
"US",13730,221
"US",331,11
"US",2850,65
"US",11135,162
"US",2343,30
"US",1275,21
"US",9306,122
"US",1447,33
"US",21,2
"US",57,1
"US",2380,36
"US",205,6
"US",6,0
"US",144,3
"US",1725,60
"US",160,12
"US",667,14
"US",3967,99
"US",1658,68
"US",752,15
"US",1691,53
"US",977,28
"US",775,24
"US",4256,93
"US",1283,28
"US",227,7
"US",852,13
"US",666,12
"US",1,0
"US",42134,571
"US",517,13
"US",1122,16
"US",261,17
"US",537,15
"US",264,2
"US",1917,64
"US",6437,192
"US",448,12
"US",19026,284
"US",64,1
"US",2749,55
"US",170,4
"US",11506,185
"US",1469,12
"US",278,12
"US",496,14
"US",1426,38
"US",26650,264
"US",2069,50
"US",498,11
"US",73,5
"US",3029,96
"US",4026,59
"US",392,18
"US",1248,29
"US",29701,548
"US",912,17
"US",149,2
"US",5316,73
"US",1866,44
"US",1019,41
"US",8790,99
"US",1081,32
"US",1326,23
"US",2180,59
"US",15181,307
"US",599,16
"US",532,18
"US",14006,174
"US",321,7
"US",207,11
"US",450,26
"US",1469,29
"US",457,17
"US",46,1
"US",920,19
"US",6270,54
"US",921,17
"US",2578,52
"US",391,18
"US",473,24
"US",433,19
"US",3072,97
"US",426,14
"US",218,6
"US",1977,31
"US",152,1
"US",1068,40
"US",114,6
"US",12843,267
"US",737,6
"US",6260,203
"US",563,15
"US",98,1
"US",88,3
"US",398,6
"US",633,13
"US",153365,1552
"US",11186,197
"US",58,1
"US",1351,40
"US",54,3
"US",2544,45
"US",12924,180
"US",50595,549
"US",351,9
"US",786,11
"US",0,0
"US",1866,31
"US",259,7
"US",1900,42
"US",4696,153
"US",2471,63
"US",5881,122
"US",6111,86
"US",2058,22
"US",752,9
"US",1513,60
"US",26967,451
"US",2442,74
"US",369,7
"US",11047,218
"US",1380,31
"US",1724,63
"US",22884,213
"US",2137,36
"US",546,15
"US",4353,72
"US",2060,68
"US",779,20
"US",1425,30
"US",1024,10
"US",876,25
"US",14858,46
"US",5980,33
"US",25023,86
"US",107386,553
"US",1406,32
"US",2045,12
"US",19024,137
"US",3214,5
"US",4542,13
"US",2466,17
"US",0,0
"US",67250,215
"US",3196,15
"US",20222,105
"US",269,4
"US",501,3
"US",248,3
"US",2658,69
"US",80,0
"US",542,25
"US",61,0
"US",230,1
"US",312,1
"US",293,5
"US",451,8
"US",9,0
"US",884,9
"US",470,5
"US",404,3
"US",2036,23
"US",1709,27
"US",2837,31
"US",7366,88
"US",783,22
"US",359,7
"US",1472,10
"US",732,7
"US",8993,180
"US",3365,29
"US",168,0
"US",3149,31
"US",482,6
"US",1316,18
"US",938,8
"US",650,7
"US",871,23
"US",1423,12
"US",514,4
"US",2113,19
"US",1062,9
"US",1502,36
"US",195,8
"US",380,6
"US",2222,34
"US",9426,101
"US",13215,171
"US",393,5
"US",625,28
"US",385,4
"US",150,1
"US",3036,23
"US",198,4
"US",2402,63
"US",642,6
"US",924,15
"US",416,30
"US",350,2
"US",44525,683
"US",305,10
"US",181,6
"US",2416,28
"US",517,17
"US",786,10
"US",2366,23
"US",680,17
"US",3796,28
"US",1048,11
"US",837,35
"US",616,2
"US",866,7
"US",621,7
"US",793,24
"US",552,4
"US",1019,16
"US",1160,36
"US",4421,48
"US",3910,74
"US",4405,44
"US",12573,294
"US",2670,54
"US",57,0
"US",889,10
"US",1536,29
"US",1968,31
"US",749,10
"US",464,4
"US",175,2
"US",362,3
"US",1506,29
"US",607,4
"US",14352,161
"US",931,10
"US",350,3
"US",4311,53
"US",303,4
"US",2928,29
"US",941,8
"US",1014,27
"US",312,4
"US",1324,39
"US",279,12
"US",5232,42
"US",357,4
"US",660,5
"US",6060,70
"US",8978,108
"US",452,31
"US",433,10
"US",169,1
"US",1176,24
"US",975,13
"US",1051,33
"US",784,28
"US",1458,33
"US",2717,38
"US",337,4
"US",4545,78
"US",874,6
"US",1094,17
"US",1835,9
"US",25877,261
"US",1565,33
"US",1512,7
"US",164,2
"US",819,5
"US",9299,95
"US",4706,68
"US",5281,99
"US",622,6
"US",3977,48
"US",1548,16
"US",1170,27
"US",1227,35
"US",2259,74
"US",1857,55
"US",1154,42
"US",4843,67
"US",5284,25
"US",1620,32
"US",4043,90
"US",247,5
"US",705,13
"US",2397,24
"US",0,0
"US",16980,152
"US",1356,33
"US",3058,46
"US",1227,13
"US",699,9
"US",360,8
"US",1664,12
"US",2051,59
"US",1333,28
"US",1491,13
"US",1627,16
"US",959,18
"US",11692,164
"US",4851,35
"US",716,4
"US",13344,146
"US",84,4
"US",2415,29
"US",2597,15
"US",176,2
"US",8772,83
"US",95,2
"US",5981,45
"US",2220,26
"US",924,22
"US",220,1
"US",62580,1050
"US",3887,40
"US",1688,26
"US",476,3
"US",2445,31
"US",250,5
"US",1492,16
"US",1757,29
"US",542,5
"US",453,4
"US",25864,348
"US",74,0
"US",3299,40
"US",190,1
"US",22393,390
"US",25581,349
"US",1182,17
"US",4766,56
"US",1489,5
"US",48,0
"US",3518,35
"US",3478,55
"US",2783,27
"US",19844,317
"US",792,9
"US",6391,51
"US",1087,22
"US",309,1
"US",1427,25
"US",5373,101
"US",135,0
"US",263,4
"US",257,3
"US",1784,48
"US",413,1
"US",776,17
"US",1521,35
"US",1015,14
"US",1922,42
"US",799,8
"US",3042,33
"US",1191,29
"US",2423,26
"US",8766,207
"US",557,4
"US",784,8
"US",1693,59
"US",1909,14
"US",2139,53
"US",1059,15
"US",992,6
"US",2885,54
"US",2122,66
"US",1458,20
"US",5427,31
"US",662,11
"US",657,8
"US",707,8
"US",2543,37
"US",313,2
"US",574,5
"US",360,9
"US",1691,31
"US",3041,56
"US",2761,29
"US",1205,6
"US",358,7
"US",312,5
"US",460,17
"US",702,13
"US",338,2
"US",373,2
"US",0,0
"US",964,4
"US",1742,21
"US",156,0
"US",716,16
"US",229,1
"US",5038,45
"US",1207,20
"US",1430,13
"US",1061,16
"US",4617,57
"US",964,18
"US",27818,173
"US",1012,7
"US",1101,19
"US",5040,37
"US",6025,67
"US",3122,55
"US",4520,38
"US",1599,12
"US",34732,200
"US",11054,142
"US",2204,15
"US",3522,30
"US",3800,23
"US",9521,86
"US",422,12
"US",11293,75
"US",916,24
"US",4557,82
"US",2407,12
"US",1736,13
"US",1746,8
"US",527,33
"US",2413,18
"US",7302,61
"US",2531,10
"US",13918,226
"US",2186,25
"US",10649,56
"US",1349,6
"US",1933,40
"US",2615,60
"US",6980,57
"US",13133,183
"US",3874,45
"US",1307,21
"US",718,10
"US",92090,1003
"US",3528,25
"US",4116,42
"US",2895,50
"US",17622,161
"US",7115,55
"US",699,5
"US",3612,35
"US",3077,23
"US",5952,54
"US",1015,5
"US",19569,259
"US",1134,13
"US",13134,126
"US",1145,13
"US",4713,31
"US",1258,11
"US",4584,67
"US",11853,97
"US",6591,28
"US",1779,19
"US",3064,30
"US",0,0
"US",1588,30
"US",1671,23
"US",9439,103
"US",1110,14
"US",13228,102
"US",37254,370
"US",4786,133
"US",2071,18
"US",17128,166
"US",6049,58
"US",3469,9
"US",788,21
"US",4185,31
"US",946,15
"US",803,11
"US",388,7
"US",3968,64
"US",1010,17
"US",230,1
"US",518,6
"US",7045,62
"US",920,11
"US",6479,92
"US",140,2
"US",2021,10
"US",440,8
"US",2543,17
"US",597,6
"US",2966,16
"US",2138,4
"US",1558,7
"US",0,0
"US",781,19
"US",476,2
"Uganda",35511,265
"Ukraine",39351,397
"Ukraine",30234,442
"Ukraine",40225,786
"Ukraine",25527,517
"Ukraine",58991,1426
"Ukraine",36909,704
"Ukraine",43341,810
"Ukraine",70090,1104
"Ukraine",17906,439
"Ukraine",39692,684
"Ukraine",112356,1935
"Ukraine",59831,976
"Ukraine",8522,254
"Ukraine",10830,299
"Ukraine",61696,1781
"Ukraine",31314,516
"Ukraine",71669,1062
"Ukraine",36598,752
"Ukraine",41275,517
"Ukraine",6849,240
"Ukraine",40989,529
"Ukraine",34194,460
"Ukraine",22735,399
"Ukraine",33207,516
"Ukraine",28313,638
"Ukraine",54607,594
"Ukraine",39604,660
"United Arab Emirates",209678,671
"United Kingdom",13,0
"United Kingdom",604,10
"United Kingdom",86,1
"United Kingdom",338,2
"United Kingdom",3059,60
"United Kingdom",2190702,64731
"United Kingdom",29,0
"United Kingdom",2212,7
"United Kingdom",377,25
"United Kingdom",13,1
"United Kingdom",72834,1322
"United Kingdom",4,0
"United Kingdom",129992,4578
"United Kingdom",893,6
"United Kingdom",0,0
"United Kingdom",148537,3494
"Uruguay",19753,193
"Uzbekistan",77182,614
"Vanuatu",1,0
"Venezuela",113884,1030
"Vietnam",1474,35
"West Bank and Gaza",139223,1418
"Yemen",2101,610
"Zambia",20997,390
"Zimbabwe",14084,369
"US",157,0
"US",221,3
"China",0,0
"Kiribati",0,0
"Palau",0,0
"New Zealand",0,0
"Summer Olympics 2020",0,0
"Malaysia",5849,34
"Malaysia",3044,12
"Malaysia",811,8
"Malaysia",1243,7
"Malaysia",7880,14
"Malaysia",1384,7
"Malaysia",3244,16
"Malaysia",46,2
"Malaysia",3712,9
"Malaysia",37295,265
"Malaysia",1125,19
"Malaysia",33171,46
"Malaysia",341,1
"Malaysia",13945,23
"Malaysia",1703,8
"Malaysia",285,3
"Malaysia",0,0
"Tonga",0,0
